word,accent,commons_file,source_page_url,author_original,uploader,license_name,license_url,attribution_text,sha256,local_path,is_modified,resolution,verified_by,verified_at,status
apple,us,File:En-us-apple.ogg,https://commons.wikimedia.org/wiki/File%3AEn-us-apple.ogg,Dvortygirl,Dvortygirl,CC BY-SA 3.0,https://creativecommons.org/licenses/by-sa/3.0/,"Dvortygirl. ""En-us-apple.ogg"". https://commons.wikimedia.org/wiki/File%3AEn-us-apple.ogg, CC BY-SA 3.0 (https://creativecommons.org/licenses/by-sa/3.0/).",d186d1366321c7e0ae37b0fad4cab0eaf687cb22566882d3b041e905e9436b6b,audio/us/apple-us.mp3,false,dual-license accepted: GFDL 迁移提示 + CC BY-SA 路径有效；Credit=Own work（自发布）；已留证,,,allowed
apple,uk,File:En-uk-apple.ogg,https://commons.wikimedia.org/wiki/File%3AEn-uk-apple.ogg,"Association Shtooka, Judith Franck",DerbethBot,CC BY 3.0 US,https://creativecommons.org/licenses/by/3.0/us/,"Association Shtooka, Judith Franck. ""En-uk-apple.ogg"". https://commons.wikimedia.org/wiki/File%3AEn-uk-apple.ogg, CC BY 3.0 US (https://creativecommons.org/licenses/by/3.0/us/).",0a269a275e5ae0c7e116136b79e334be42f4e7371b9fe8a302500a51ff8a2bfc,audio/uk/apple-uk.mp3,false,,,,allowed
book,us,File:En-us-book.ogg,https://commons.wikimedia.org/wiki/File%3AEn-us-book.ogg,Dvortygirl,Dvortygirl,CC BY-SA 3.0,https://creativecommons.org/licenses/by-sa/3.0/,"Dvortygirl. ""En-us-book.ogg"". https://commons.wikimedia.org/wiki/File%3AEn-us-book.ogg, CC BY-SA 3.0 (https://creativecommons.org/licenses/by-sa/3.0/).",9d80ddec2ba8b3bc9080014c7f59925fc867848d0fc02bf6b16f02e32357fc93,audio/us/book-us.mp3,false,dual-license accepted: GFDL 迁移提示 + CC BY-SA 路径有效；Credit=Own work（自发布）；已留证,,,allowed
book,uk,File:En-uk-book.ogg,https://commons.wikimedia.org/wiki/File%3AEn-uk-book.ogg,"Association Shtooka, Judith Franck",DerbethBot,CC BY 3.0 US,https://creativecommons.org/licenses/by/3.0/us/,"Association Shtooka, Judith Franck. ""En-uk-book.ogg"". https://commons.wikimedia.org/wiki/File%3AEn-uk-book.ogg, CC BY 3.0 US (https://creativecommons.org/licenses/by/3.0/us/).",a796474c386aa5ba596f204b456c70fdae13451f7d5fae8a5c6079a7b7902dd1,audio/uk/book-uk.mp3,false,,,,allowed
computer,us,File:En-us-computer.ogg,https://commons.wikimedia.org/wiki/File%3AEn-us-computer.ogg,Dvortygirl,Dvortybot,CC BY-SA 3.0,https://creativecommons.org/licenses/by-sa/3.0/,"Dvortygirl. ""En-us-computer.ogg"". https://commons.wikimedia.org/wiki/File%3AEn-us-computer.ogg, CC BY-SA 3.0 (https://creativecommons.org/licenses/by-sa/3.0/).",f5298d59cc92594c0a424c7a6e5b55c7cc7aa13eea48844d886c773d9236ab6e,audio/us/computer-us.mp3,false,dual-license accepted: GFDL 迁移提示 + CC BY-SA 路径有效；已留证,,,allowed
computer,uk,File:En-uk-computer.ogg,https://commons.wikimedia.org/wiki/File%3AEn-uk-computer.ogg,"Association Shtooka, Judith Franck",DerbethBot,CC BY 3.0 US,https://creativecommons.org/licenses/by/3.0/us/,"Association Shtooka, Judith Franck. ""En-uk-computer.ogg"". https://commons.wikimedia.org/wiki/File%3AEn-uk-computer.ogg, CC BY 3.0 US (https://creativecommons.org/licenses/by/3.0/us/).",68cbb720a46e8c6f5137f0603681d42f01e68980a15c38d857d14f15f20c3479,audio/uk/computer-uk.mp3,false,,,,allowed
family,us,File:En-us-family.ogg,https://commons.wikimedia.org/wiki/File%3AEn-us-family.ogg,Dvortygirl,Dvortygirl,CC BY-SA 3.0,https://creativecommons.org/licenses/by-sa/3.0/,"Dvortygirl. ""En-us-family.ogg"". https://commons.wikimedia.org/wiki/File%3AEn-us-family.ogg, CC BY-SA 3.0 (https://creativecommons.org/licenses/by-sa/3.0/).",44446f53bf02fc356aa7f85019708b7927f7bcb3bd02962ef431a26af440f97c,audio/us/family-us.mp3,false,dual-license accepted: GFDL 迁移提示 + CC BY-SA 路径有效；Credit=Own work（自发布）；已留证,,,allowed
family,uk,File:En-uk-family.ogg,https://commons.wikimedia.org/wiki/File%3AEn-uk-family.ogg,"Association Shtooka, Judith Franck",DerbethBot,CC BY 3.0 US,https://creativecommons.org/licenses/by/3.0/us/,"Association Shtooka, Judith Franck. ""En-uk-family.ogg"". https://commons.wikimedia.org/wiki/File%3AEn-uk-family.ogg, CC BY 3.0 US (https://creativecommons.org/licenses/by/3.0/us/).",e00843080ba4c8dc74a91d63e30d6b20c5508d89f25deebdd11e695a10c57b45,audio/uk/family-uk.mp3,false,,,,allowed
friend,us,File:En-us-friend.ogg,https://commons.wikimedia.org/wiki/File%3AEn-us-friend.ogg,Dvortygirl,Dvortygirl,CC BY-SA 3.0,https://creativecommons.org/licenses/by-sa/3.0/,"Dvortygirl. ""En-us-friend.ogg"". https://commons.wikimedia.org/wiki/File%3AEn-us-friend.ogg, CC BY-SA 3.0 (https://creativecommons.org/licenses/by-sa/3.0/).",32c21ead7c42b5ab6791233edc40f9d9ddcc6a3a50ee6ce3cc3727f89d8a965c,audio/us/friend-us.mp3,false,dual-license accepted: GFDL 迁移提示 + CC BY-SA 路径有效；Credit=Own work（自发布）；已留证,,,allowed
friend,uk,File:En-uk-friend.ogg,https://commons.wikimedia.org/wiki/File%3AEn-uk-friend.ogg,"Association Shtooka, Judith Franck",DerbethBot,CC BY 3.0 US,https://creativecommons.org/licenses/by/3.0/us/,"Association Shtooka, Judith Franck. ""En-uk-friend.ogg"". https://commons.wikimedia.org/wiki/File%3AEn-uk-friend.ogg, CC BY 3.0 US (https://creativecommons.org/licenses/by/3.0/us/).",4eb11a6b14428b77bb97ed173ef1e3fb3f2af262ac1b35c170cd02dda6b34d25,audio/uk/friend-uk.mp3,false,,,,allowed
happy,us,File:En-us-happy.ogg,https://commons.wikimedia.org/wiki/File%3AEn-us-happy.ogg,Dvortygirl,Dvortygirl,CC BY-SA 3.0,https://creativecommons.org/licenses/by-sa/3.0/,"Dvortygirl. ""En-us-happy.ogg"". https://commons.wikimedia.org/wiki/File%3AEn-us-happy.ogg, CC BY-SA 3.0 (https://creativecommons.org/licenses/by-sa/3.0/).",c41a1629496f0fcf2d59b6bb94818f7ea24550d2e06be3d1ff56c15679a5b01f,audio/us/happy-us.mp3,false,dual-license accepted: GFDL 迁移提示 + CC BY-SA 路径有效；Credit=Own work（自发布）；已留证,,,allowed
happy,uk,File:En-uk-happy.ogg,https://commons.wikimedia.org/wiki/File%3AEn-uk-happy.ogg,"Association Shtooka, Judith Franck",DerbethBot,CC BY 3.0 US,https://creativecommons.org/licenses/by/3.0/us/,"Association Shtooka, Judith Franck. ""En-uk-happy.ogg"". https://commons.wikimedia.org/wiki/File%3AEn-uk-happy.ogg, CC BY 3.0 US (https://creativecommons.org/licenses/by/3.0/us/).",e0a3886cafe289686dd2e3a63981d5e6fc549cd522088ebfa05c367b8b40d165,audio/uk/happy-uk.mp3,false,,,,allowed
important,us,File:En-us-important.ogg,https://commons.wikimedia.org/wiki/File%3AEn-us-important.ogg,Dvortygirl,Dvortygirl,CC BY-SA 3.0,https://creativecommons.org/licenses/by-sa/3.0/,"Dvortygirl. ""En-us-important.ogg"". https://commons.wikimedia.org/wiki/File%3AEn-us-important.ogg, CC BY-SA 3.0 (https://creativecommons.org/licenses/by-sa/3.0/).",7a38327dbea52ca318c7680b08b081696a35785a0053ad1fcca27222d18675f7,audio/us/important-us.mp3,false,dual-license accepted: GFDL 迁移提示 + CC BY-SA 路径有效；Credit=Own work（自发布）；已留证,,,allowed
learn,us,File:En-us-learn.ogg,https://commons.wikimedia.org/wiki/File%3AEn-us-learn.ogg,Dvortygirl,Dvortygirl,CC BY-SA 3.0,https://creativecommons.org/licenses/by-sa/3.0/,"Dvortygirl. ""En-us-learn.ogg"". https://commons.wikimedia.org/wiki/File%3AEn-us-learn.ogg, CC BY-SA 3.0 (https://creativecommons.org/licenses/by-sa/3.0/).",ba473a6fd517756b62955b40ce59c8144bcaacf3e6144089bc0c508cd81b414f,audio/us/learn-us.mp3,false,dual-license accepted: GFDL 迁移提示 + CC BY-SA 路径有效；Credit=Own work（自发布）；已留证,,,allowed
school,uk,File:En-uk-school.ogg,https://commons.wikimedia.org/wiki/File%3AEn-uk-school.ogg,"Association Shtooka, Judith Franck",DerbethBot,CC BY 3.0 US,https://creativecommons.org/licenses/by/3.0/us/,"Association Shtooka, Judith Franck. ""En-uk-school.ogg"". https://commons.wikimedia.org/wiki/File%3AEn-uk-school.ogg, CC BY 3.0 US (https://creativecommons.org/licenses/by/3.0/us/).",75386d5614cad1f601b9ce84e7b91375ecbe527069769b743466fc0fe1186036,audio/uk/school-uk.mp3,false,,,,allowed
teacher,us,File:En-us-teacher.ogg,https://commons.wikimedia.org/wiki/File%3AEn-us-teacher.ogg,Dvortygirl,Dvortybot,CC BY-SA 3.0,https://creativecommons.org/licenses/by-sa/3.0/,"Dvortygirl. ""En-us-teacher.ogg"". https://commons.wikimedia.org/wiki/File%3AEn-us-teacher.ogg, CC BY-SA 3.0 (https://creativecommons.org/licenses/by-sa/3.0/).",8d885d4a5c45b88cf23f93d1ce13e890ca53ef5c22c3aee6f03ceba185aa298a,audio/us/teacher-us.mp3,false,dual-license accepted: GFDL 迁移提示 + CC BY-SA 路径有效；已留证,,,allowed
teacher,uk,File:En-uk-teacher.ogg,https://commons.wikimedia.org/wiki/File%3AEn-uk-teacher.ogg,"Association Shtooka, Judith Franck",DerbethBot,CC BY 3.0 US,https://creativecommons.org/licenses/by/3.0/us/,"Association Shtooka, Judith Franck. ""En-uk-teacher.ogg"". https://commons.wikimedia.org/wiki/File%3AEn-uk-teacher.ogg, CC BY 3.0 US (https://creativecommons.org/licenses/by/3.0/us/).",65d1305b6b9bba123d3835abcafa76b7e4d037505c928dd41f104ba44560b912,audio/uk/teacher-uk.mp3,false,,,,allowed
water,us,File:En-us-water.ogg,https://commons.wikimedia.org/wiki/File%3AEn-us-water.ogg,Dvortygirl,Dvortygirl,CC BY-SA 3.0,https://creativecommons.org/licenses/by-sa/3.0/,"Dvortygirl. ""En-us-water.ogg"". https://commons.wikimedia.org/wiki/File%3AEn-us-water.ogg, CC BY-SA 3.0 (https://creativecommons.org/licenses/by-sa/3.0/).",a17bac580c590fd363d93fa9a3ade98f22619c0f30bc2c3cc44f23f959edeb20,audio/us/water-us.mp3,false,dual-license accepted: GFDL 迁移提示 + CC BY-SA 路径有效；Credit=Own work（自发布）；已留证,,,allowed
water,uk,File:En-uk-water.ogg,https://commons.wikimedia.org/wiki/File%3AEn-uk-water.ogg,"Association Shtooka, Judith Franck",DerbethBot,CC BY 3.0 US,https://creativecommons.org/licenses/by/3.0/us/,"Association Shtooka, Judith Franck. ""En-uk-water.ogg"". https://commons.wikimedia.org/wiki/File%3AEn-uk-water.ogg, CC BY 3.0 US (https://creativecommons.org/licenses/by/3.0/us/).",8a0a33925328b43c7c1a39a5bdc947ad5ecc98ca6508f8dee392d029e28f753a,audio/uk/water-uk.mp3,false,,,,allowed
house,uk,File:En-uk-house.ogg,https://commons.wikimedia.org/wiki/File%3AEn-uk-house.ogg,"Association Shtooka, Judith Franck",DerbethBot,CC BY 3.0 US,https://creativecommons.org/licenses/by/3.0/us/,"Association Shtooka, Judith Franck. ""En-uk-house.ogg"". https://commons.wikimedia.org/wiki/File%3AEn-uk-house.ogg, CC BY 3.0 US (https://creativecommons.org/licenses/by/3.0/us/).",4380006950f3d04b9b9c472af47c766835c0bac4fe07f6f79957c102f4e4bfd3,audio/uk/house-uk.mp3,false,,,,allowed
mother,us,File:En-us-mother.ogg,https://commons.wikimedia.org/wiki/File%3AEn-us-mother.ogg,Dvortygirl,Dvortygirl,CC BY-SA 3.0,https://creativecommons.org/licenses/by-sa/3.0/,"Dvortygirl. ""En-us-mother.ogg"". https://commons.wikimedia.org/wiki/File%3AEn-us-mother.ogg, CC BY-SA 3.0 (https://creativecommons.org/licenses/by-sa/3.0/).",20a4cda615b8b4b24621b24fd29490feef03a9ca3d1aca554366b7da9062066e,audio/us/mother-us.mp3,false,dual-license accepted: GFDL 迁移提示 + CC BY-SA 路径有效；Credit=Own work（自发布）；已留证,,,allowed
mother,uk,File:En-uk-mother.ogg,https://commons.wikimedia.org/wiki/File%3AEn-uk-mother.ogg,No machine-readable author provided. Baryonic Being~commonswiki assumed (based on copyright claims).,Baryonic Being~commonswiki,Public Domain,https://en.wikipedia.org/wiki/Public_domain,"No machine-readable author provided. Baryonic Being~commonswiki assumed (based on copyright claims).. ""En-uk-mother.ogg"". https://commons.wikimedia.org/wiki/File%3AEn-uk-mother.ogg (Public Domain).",3ee13857e6dd58f2ad9fa1dbe2ebd3a130d62de381f0f59297b3be26a5950ab6,audio/uk/mother-uk.mp3,false,,,,allowed
father,us,File:En-us-father.ogg,https://commons.wikimedia.org/wiki/File%3AEn-us-father.ogg,Dvortygirl,Dvortygirl,CC BY-SA 3.0,https://creativecommons.org/licenses/by-sa/3.0/,"Dvortygirl. ""En-us-father.ogg"". https://commons.wikimedia.org/wiki/File%3AEn-us-father.ogg, CC BY-SA 3.0 (https://creativecommons.org/licenses/by-sa/3.0/).",9890fccd6645f1101b3e7ad899a898cf9639ca39197815a3e340e1f4f645483f,audio/us/father-us.mp3,false,dual-license accepted: GFDL 迁移提示 + CC BY-SA 路径有效；Credit=Own work（自发布）；已留证,,,allowed
child,us,File:En-us-child.ogg,https://commons.wikimedia.org/wiki/File%3AEn-us-child.ogg,Dvortygirl,Dvortygirl,CC BY-SA 3.0,https://creativecommons.org/licenses/by-sa/3.0/,"Dvortygirl. ""En-us-child.ogg"". https://commons.wikimedia.org/wiki/File%3AEn-us-child.ogg, CC BY-SA 3.0 (https://creativecommons.org/licenses/by-sa/3.0/).",5ae030afec3208219b294df1c0d63b7482fee582f6e3b64e8daf5f66b00db22f,audio/us/child-us.mp3,false,dual-license accepted: GFDL 迁移提示 + CC BY-SA 路径有效；Credit=Own work（自发布）；已留证,,,allowed
child,uk,File:En-uk-child.ogg,https://commons.wikimedia.org/wiki/File%3AEn-uk-child.ogg,"Association Shtooka, Judith Franck",DerbethBot,CC BY 3.0 US,https://creativecommons.org/licenses/by/3.0/us/,"Association Shtooka, Judith Franck. ""En-uk-child.ogg"". https://commons.wikimedia.org/wiki/File%3AEn-uk-child.ogg, CC BY 3.0 US (https://creativecommons.org/licenses/by/3.0/us/).",1424199ceb1edf502c2c2e753a13ab57017bff84a526db08cf92bf22454d3399,audio/uk/child-uk.mp3,false,,,,allowed
student,us,File:En-us-student.ogg,https://commons.wikimedia.org/wiki/File%3AEn-us-student.ogg,Dvortygirl,Dvortybot,CC BY-SA 3.0,https://creativecommons.org/licenses/by-sa/3.0/,"Dvortygirl. ""En-us-student.ogg"". https://commons.wikimedia.org/wiki/File%3AEn-us-student.ogg, CC BY-SA 3.0 (https://creativecommons.org/licenses/by-sa/3.0/).",0b5bb039bf899d7cf260b2c2d9ea813e55af798fb070f4501f63dfdd101b80b3,audio/us/student-us.mp3,false,dual-license accepted: GFDL 迁移提示 + CC BY-SA 路径有效；已留证,,,allowed
student,uk,File:En-uk-student.ogg,https://commons.wikimedia.org/wiki/File%3AEn-uk-student.ogg,"Association Shtooka, Judith Franck",DerbethBot,CC BY 3.0 US,https://creativecommons.org/licenses/by/3.0/us/,"Association Shtooka, Judith Franck. ""En-uk-student.ogg"". https://commons.wikimedia.org/wiki/File%3AEn-uk-student.ogg, CC BY 3.0 US (https://creativecommons.org/licenses/by/3.0/us/).",45f7885b00059bcabbfb97c15411d37a64191e0d64b95c6759b08fb0ede0c516,audio/uk/student-uk.mp3,false,,,,allowed
English,us,File:En-us-english.ogg,https://commons.wikimedia.org/wiki/File%3AEn-us-english.ogg,Dvortygirl,Dvortygirl,CC BY-SA 3.0,https://creativecommons.org/licenses/by-sa/3.0/,"Dvortygirl. ""En-us-english.ogg"". https://commons.wikimedia.org/wiki/File%3AEn-us-english.ogg, CC BY-SA 3.0 (https://creativecommons.org/licenses/by-sa/3.0/).",2275a98a712ce8af87a1fc371fc61f77e9ff759a0a9287d5e9f2854df7dd927a,audio/us/english-us.mp3,false,dual-license accepted: GFDL 迁移提示 + CC BY-SA 路径有效；Credit=Own work（自发布）；已留证,,,allowed
English,uk,File:En-uk-English.oga,https://commons.wikimedia.org/wiki/File%3AEn-uk-English.oga,yuumei,Yuumei~commonswiki,Public Domain,https://en.wikipedia.org/wiki/Public_domain,"yuumei. ""En-uk-English.oga"". https://commons.wikimedia.org/wiki/File%3AEn-uk-English.oga (Public Domain).",466553edf56489b0bfa63c3fb0a1f91889b0b29459c48538f64d3f21ee456748,audio/uk/english-uk.mp3,false,,,,allowed
history,us,File:En-us-history.ogg,https://commons.wikimedia.org/wiki/File%3AEn-us-history.ogg,Dvortygirl,Dvortygirl,CC BY-SA 3.0,https://creativecommons.org/licenses/by-sa/3.0/,"Dvortygirl. ""En-us-history.ogg"". https://commons.wikimedia.org/wiki/File%3AEn-us-history.ogg, CC BY-SA 3.0 (https://creativecommons.org/licenses/by-sa/3.0/).",5088adcb6d6b181146f242fdc1eea6eb349973eae4b953185325f242ca036531,audio/us/history-us.mp3,false,dual-license accepted: GFDL 迁移提示 + CC BY-SA 路径有效；Credit=Own work（自发布）；已留证,,,allowed
history,uk,File:En-uk-history.ogg,https://commons.wikimedia.org/wiki/File%3AEn-uk-history.ogg,"Association Shtooka, Judith Franck",DerbethBot,CC BY 3.0 US,https://creativecommons.org/licenses/by/3.0/us/,"Association Shtooka, Judith Franck. ""En-uk-history.ogg"". https://commons.wikimedia.org/wiki/File%3AEn-uk-history.ogg, CC BY 3.0 US (https://creativecommons.org/licenses/by/3.0/us/).",8a4ff3644e89f939c1cdce731e18325eef9e8f33eac28efdfa2945e3746a4f06,audio/uk/history-uk.mp3,false,,,,allowed
question,us,File:En-us-question.ogg,https://commons.wikimedia.org/wiki/File%3AEn-us-question.ogg,No machine-readable author provided. Dvortygirl assumed (based on copyright claims).,Dvortygirl,CC BY-SA 3.0,https://creativecommons.org/licenses/by-sa/3.0/,"No machine-readable author provided. Dvortygirl assumed (based on copyright claims).. ""En-us-question.ogg"". https://commons.wikimedia.org/wiki/File%3AEn-us-question.ogg, CC BY-SA 3.0 (https://creativecommons.org/licenses/by-sa/3.0/).",68b190fca2607ee8cac7d3428d2c7d5bd002d388fd6622bf653db6b1dbec45e3,audio/us/question-us.mp3,false,dual-license accepted: GFDL 迁移提示 + CC BY-SA 路径有效；已留证,,,allowed
answer,us,File:En-us-answer.ogg,https://commons.wikimedia.org/wiki/File%3AEn-us-answer.ogg,Dvortygirl,Dvortygirl,CC BY-SA 3.0,https://creativecommons.org/licenses/by-sa/3.0/,"Dvortygirl. ""En-us-answer.ogg"". https://commons.wikimedia.org/wiki/File%3AEn-us-answer.ogg, CC BY-SA 3.0 (https://creativecommons.org/licenses/by-sa/3.0/).",cebad388f7b9ee9b45e6efa9f72dac50224919fae25892fba22775878292ed6b,audio/us/answer-us.mp3,false,dual-license accepted: GFDL 迁移提示 + CC BY-SA 路径有效；Credit=Own work（自发布）；已留证,,,allowed
answer,uk,File:En-uk-answer.ogg,https://commons.wikimedia.org/wiki/File%3AEn-uk-answer.ogg,No machine-readable author provided. Chris Melville assumed (based on copyright claims).,Chris Melville,Public Domain,https://en.wikipedia.org/wiki/Public_domain,"No machine-readable author provided. Chris Melville assumed (based on copyright claims).. ""En-uk-answer.ogg"". https://commons.wikimedia.org/wiki/File%3AEn-uk-answer.ogg (Public Domain).",c679ac2cff7cea03397d172bde48ab16803f9f1a91aa20d163ed04c5ae7bacfd,audio/uk/answer-uk.mp3,false,,,,allowed
beautiful,us,File:En-us-beautiful.ogg,https://commons.wikimedia.org/wiki/File%3AEn-us-beautiful.ogg,Dvortygirl,Dvortygirl,CC BY-SA 3.0,https://creativecommons.org/licenses/by-sa/3.0/,"Dvortygirl. ""En-us-beautiful.ogg"". https://commons.wikimedia.org/wiki/File%3AEn-us-beautiful.ogg, CC BY-SA 3.0 (https://creativecommons.org/licenses/by-sa/3.0/).",f5a4ac72d09541b99dd82f56fa4a47eb0b58440a3e44d8697962b449bdb2f8b8,audio/us/beautiful-us.mp3,false,dual-license accepted: GFDL 迁移提示 + CC BY-SA 路径有效；Credit=Own work（自发布）；已留证,,,allowed
beautiful,uk,File:En-uk-beautiful.ogg,https://commons.wikimedia.org/wiki/File%3AEn-uk-beautiful.ogg,"Association Shtooka, Judith Franck",DerbethBot,CC BY 3.0 US,https://creativecommons.org/licenses/by/3.0/us/,"Association Shtooka, Judith Franck. ""En-uk-beautiful.ogg"". https://commons.wikimedia.org/wiki/File%3AEn-uk-beautiful.ogg, CC BY 3.0 US (https://creativecommons.org/licenses/by/3.0/us/).",9a98a4d4efe8768dd886eda9c29c6b15566e2c7a994e4ec47037d7dad6e6b088,audio/uk/beautiful-uk.mp3,false,,,,allowed
different,us,File:En-us-different.ogg,https://commons.wikimedia.org/wiki/File%3AEn-us-different.ogg,Dvortygirl,Dvortygirl,CC BY-SA 3.0,https://creativecommons.org/licenses/by-sa/3.0/,"Dvortygirl. ""En-us-different.ogg"". https://commons.wikimedia.org/wiki/File%3AEn-us-different.ogg, CC BY-SA 3.0 (https://creativecommons.org/licenses/by-sa/3.0/).",a88c5a58643a6812694be3f0564a2fe02111f12cfa09b8ec0f1a328e5e33852e,audio/us/different-us.mp3,false,dual-license accepted: GFDL 迁移提示 + CC BY-SA 路径有效；Credit=Own work（自发布）；已留证,,,allowed
example,us,File:En-us-example.ogg,https://commons.wikimedia.org/wiki/File%3AEn-us-example.ogg,Dvortygirl,Dvortygirl,Public Domain,https://en.wikipedia.org/wiki/Public_domain,"Dvortygirl. ""En-us-example.ogg"". https://commons.wikimedia.org/wiki/File%3AEn-us-example.ogg (Public Domain).",913b48a2ed1aa79bed6e879a3cd7802fcc0edcad31d075139e504b6d1b81e280,audio/us/example-us.mp3,false,self-published 'Own work' + 明确许可；已留证,,,allowed
language,us,File:En-us-language.ogg,https://commons.wikimedia.org/wiki/File%3AEn-us-language.ogg,Dvortygirl,Dvortygirl,CC BY-SA 3.0,https://creativecommons.org/licenses/by-sa/3.0/,"Dvortygirl. ""En-us-language.ogg"". https://commons.wikimedia.org/wiki/File%3AEn-us-language.ogg, CC BY-SA 3.0 (https://creativecommons.org/licenses/by-sa/3.0/).",bdc75d60ecbe1616df7315fe85cd780bcb1d994e3001cb5522960a799af76a29,audio/us/language-us.mp3,false,dual-license accepted: GFDL 迁移提示 + CC BY-SA 路径有效；Credit=Own work（自发布）；已留证,,,allowed
remember,us,File:En-us-remember.ogg,https://commons.wikimedia.org/wiki/File%3AEn-us-remember.ogg,Dvortygirl,Dvortygirl,CC BY-SA 3.0,https://creativecommons.org/licenses/by-sa/3.0/,"Dvortygirl. ""En-us-remember.ogg"". https://commons.wikimedia.org/wiki/File%3AEn-us-remember.ogg, CC BY-SA 3.0 (https://creativecommons.org/licenses/by-sa/3.0/).",d259b42bcbdb7b9a58ed50c99081d04078da690d157eac3b57542855a6f7a86e,audio/us/remember-us.mp3,false,dual-license accepted: GFDL 迁移提示 + CC BY-SA 路径有效；Credit=Own work（自发布）；已留证,,,allowed
practice,us,File:En-us-practice.ogg,https://commons.wikimedia.org/wiki/File%3AEn-us-practice.ogg,Dvortygirl,Dvortygirl,CC BY-SA 3.0,https://creativecommons.org/licenses/by-sa/3.0/,"Dvortygirl. ""En-us-practice.ogg"". https://commons.wikimedia.org/wiki/File%3AEn-us-practice.ogg, CC BY-SA 3.0 (https://creativecommons.org/licenses/by-sa/3.0/).",ecf858fe917d4ef06594741510cba6ba65f87a62b7fba24383cd5bd65d9f258b,audio/us/practice-us.mp3,false,dual-license accepted: GFDL 迁移提示 + CC BY-SA 路径有效；Credit=Own work（自发布）；已留证,,,allowed
read,us,File:En-us-read.ogg,https://commons.wikimedia.org/wiki/File%3AEn-us-read.ogg,Dvortygirl,Dvortygirl,Public Domain,https://en.wikipedia.org/wiki/Public_domain,"Dvortygirl. ""En-us-read.ogg"". https://commons.wikimedia.org/wiki/File%3AEn-us-read.ogg (Public Domain).",b69eebfced5abfb1a57dfd37432e9b2c0279f41f6c55deb78a527de7b422bcbc,audio/us/read-us.mp3,false,self-published 'Own work' + 明确许可；已留证,,,allowed
write,us,File:En-us-write.ogg,https://commons.wikimedia.org/wiki/File%3AEn-us-write.ogg,Dvortygirl,Dvortygirl,CC BY-SA 3.0,https://creativecommons.org/licenses/by-sa/3.0/,"Dvortygirl. ""En-us-write.ogg"". https://commons.wikimedia.org/wiki/File%3AEn-us-write.ogg, CC BY-SA 3.0 (https://creativecommons.org/licenses/by-sa/3.0/).",20e5b574caee1eb6a16880881a7b0af338d36eabccfae03d5f0826d5a15ff820,audio/us/write-us.mp3,false,dual-license accepted: GFDL 迁移提示 + CC BY-SA 路径有效；Credit=Own work（自发布）；已留证,,,allowed
world,us,File:En-us-world.oga,https://commons.wikimedia.org/wiki/File%3AEn-us-world.oga,Dsm.wiki,Dsm.wiki,CC BY-SA 4.0,https://creativecommons.org/licenses/by-sa/4.0/,"Dsm.wiki. ""En-us-world.oga"". https://commons.wikimedia.org/wiki/File%3AEn-us-world.oga, CC BY-SA 4.0 (https://creativecommons.org/licenses/by-sa/4.0/).",a5fdf49ca3dc0b943a0f0892802aa507f2087bf2505fd4ee762013899f0541ff,audio/us/world-us.mp3,false,self-published 'Own work' + 明确许可；已留证,,,allowed
